Workbook

Sheet Feuil1
A1: Tableau : canevas d'information à renseigner
B2: UM | C2: 2015 | D2: 2016 | E2: 2017 | F2: 2018 | G2: 2019 | H2: 2020 | I2: 2021 | J2: 2022 | K2: 2023 | L2: 2024 | M2: 2025 | N2: 2026 | O2: TOTAL
A3: A- Consommation énergétique du sécteur mines
A4: De gaz naturel | B4: M3 | O4: =IF(SUM(C4:N4)=0,"",SUM(C4:N4))
A5: D'électricité | B5: kw/h | O5: =IF(SUM(C5:N5)=0,"",SUM(C5:N5))
A6: De Gasoil | B6: litres | J6: =SUMPRODUCT(('DETAIL GASOIL'!$A$5:$A$52=2022)*'DETAIL GASOIL'!$H$5:$H$52) | K6: =SUMPRODUCT(('DETAIL GASOIL'!$A$5:$A$52=2023)*'DETAIL GASOIL'!$H$5:$H$52) | L6: =SUMPRODUCT(('DETAIL GASOIL'!$A$5:$A$52=2024)*'DETAIL GASOIL'!$H$5:$H$52) | M6: =SUMPRODUCT(('DETAIL GASOIL'!$A$5:$A$52=2025)*'DETAIL GASOIL'!$H$5:$H$52) | N6: =SUMPRODUCT(('DETAIL GASOIL'!$A$5:$A$52=2026)*'DETAIL GASOIL'!$H$5:$H$52) | O6: =IF(SUM(C6:N6)=0,"",SUM(C6:N6))
A7: De fuel | B7: litres | O7: =IF(SUM(C7:N7)=0,"",SUM(C7:N7))
A8: De charbon | B8: T | O8: =IF(SUM(C8:N8)=0,"",SUM(C8:N8))
A9: etc ...
A11: Entreprise : SARL DPR COMPAGNY — Village Tizi, commune de Semaoun, Béjaïa — NIF 000306018423274
A12: Gasoil : litres calculés à partir des factures du fournisseur SNC Béjaïa Hydrocarbures Debbouz & Frères (prix 29,01 DA/l, feuille DETAIL GASOIL).
A13: 2022 : juillet à décembre seulement (premières factures disponibles) ; 2026 : janvier à juin (dernier relevé fournisseur au 30/06/2026).
A14: Gaz naturel, électricité, fuel et charbon : aucune facture au nom de la société dans la comptabilité 2023-2026 (non concernés).
A15: Avant 2022 : pas de données dans les dossiers transmis.

Sheet DETAIL GASOIL
A1: Achats de gasoil — station-service SNC BEJAIA HYDROCARBURES DEBBOUZ & FRERES (factures mensuelles, activité TPM et location d'engins)
A2: Prix à la pompe du gasoil (DA/litre) : | E2: 29.01 | F2: prix réglementé en vigueur depuis 2020 (à modifier si les factures portent un autre prix ou les litres)
A4: Année | B4: Mois | C4: N° facture | D4: Date facture | E4: Montant TTC (DA) | F4: Litres (montant / prix) | G4: Litres relevés sur facture (si disponible) | H4: Litres retenus
A5: 2022 | B5: 7 | C5: 227/2022 | D5: 44772 | E5: 769954.41 | F5: =ROUND(E5/$E$2,0) | H5: =IF(ISNUMBER(G5),G5,F5)
A6: 2022 | B6: 8 | C6: 274/2022 | D6: 44803 | E6: 1130374.6 | F6: =ROUND(E6/$E$2,0) | H6: =IF(ISNUMBER(G6),G6,F6)
A7: 2022 | B7: 9 | C7: 311/2022 | D7: 44834 | E7: 1001715.3 | F7: =ROUND(E7/$E$2,0) | H7: =IF(ISNUMBER(G7),G7,F7)
A8: 2022 | B8: 10 | C8: 346/2022 | D8: 44865 | E8: 1114129.1 | F8: =ROUND(E8/$E$2,0) | H8: =IF(ISNUMBER(G8),G8,F8)
A9: 2022 | B9: 11 | C9: 386/2022 | D9: 44895 | E9: 1160400 | F9: =ROUND(E9/$E$2,0) | H9: =IF(ISNUMBER(G9),G9,F9)
A10: 2022 | B10: 12 | C10: 425/2022 | D10: 44926 | E10: 1195763.2 | F10: =ROUND(E10/$E$2,0) | H10: =IF(ISNUMBER(G10),G10,F10)
A11: 2023 | B11: 1 | C11: 026/2023 | D11: 44957 | E11: 1276440 | F11: =ROUND(E11/$E$2,0) | H11: =IF(ISNUMBER(G11),G11,F11)
A12: 2023 | B12: 2 | C12: 054/2023 | D12: 44985 | E12: 968353.8 | F12: =ROUND(E12/$E$2,0) | H12: =IF(ISNUMBER(G12),G12,F12)
A13: 2023 | B13: 3 | C13: 090/2023 | D13: 45016 | E13: 909753.6 | F13: =ROUND(E13/$E$2,0) | H13: =IF(ISNUMBER(G13),G13,F13)
A14: 2023 | B14: 4 | C14: 125/2023 | D14: 45046 | E14: 916716 | F14: =ROUND(E14/$E$2,0) | H14: =IF(ISNUMBER(G14),G14,F14)
A15: 2023 | B15: 5 | C15: 159/2023 | D15: 45077 | E15: 870300 | F15: =ROUND(E15/$E$2,0) | H15: =IF(ISNUMBER(G15),G15,F15)
A16: 2023 | B16: 6 | C16: 189/2023 | D16: 45107 | E16: 941780.6 | F16: =ROUND(E16/$E$2,0) | H16: =IF(ISNUMBER(G16),G16,F16)
... A52: 2026 | B52: 6 | C52: 212/2026 | D52: 46203 | E52: 356500 | F52: =ROUND(E52/$E$2,0) | H52: =IF(ISNUMBER(G52),G52,F52)
D53: TOTAL | E53: =SUM(E5:E52) | F53: =SUM(F5:F52) | H53: =SUM(H5:H52)
